prob_bin,total,num_fraud,fraud_rate
0.0-0.1,3148,18,0.005717916137229987
0.1-0.2,46,4,0.08695652173913043
0.2-0.3,27,0,0.0
0.3-0.4,18,0,0.0
0.4-0.5,13,1,0.07692307692307693
0.5-0.6,19,0,0.0
0.6-0.7,19,0,0.0
0.7-0.8,21,0,0.0
0.8-0.9,25,4,0.16
0.9-1.0,241,147,0.6099585062240664
